codigo_docentes,codigo_disciplina
5607659,ACH3867
5607659,ACH3666
2373511,ACH4115
1916087,ACH4115
1887012,ACH3698
5830822,ACH3828
191432,ACH3828
1329307,ACH3828
4845650,ACH1571
224372,ACH5017
224372,ACH5048
2945554,ACH1708
6206615,ACH2787
1284483,ACH1505
1451426,ACH1115
2566012,ACH2717
2566012,ACH2877
2566012,ACH2818
5523701,ACH2023
5523701,ACH2024
11698862,ACH1718
978554,ACH4068
2319983,ACH3096
1001570,ACH1063
1823410,ACH1034
2245911,ACH1053
5976982,ACH3126
3193721,ACH2747
1771910,ACH4698
500432,ACH3664
191432,ACH3661
5333863,ACH3661
191432,ACH3541
1051844,ACH3541
885940,ACH3541
5333863,ACH3541
309946,ACH3561
494026,ACH3561
2949346,ACH3561
1987427,ACH3561
309946,ACH3545
494026,ACH3545
2949346,ACH3545
1987427,ACH3545
3140792,ACH2197
1771910,ACH4608
1823410,ACH1047
627660,ACH1137
1754921,ACH4514
1771910,ACH4514
3397833,ACH4515
1771910,ACH4515
5057080,ACH2005
1364328,ACH2005
3399922,ACH2005
1315570,ACH5044
5856870,ACH1545
3755807,ACH2543
131031,ACH5083
131031,ACH5041
5347191,ACH2608
597730,ACH0544
5033416,ACH2687
3193721,ACH0162
465955,ACH0172
564671,ACH0192
770448,ACH0182
2166145,ACH2573
5981856,ACH4088
1032901,ACH0523
3021642,ACH0523
4881727,ACH0523
1032901,ACH0524
4881727,ACH0524
2796301,ACH5014
556504,ACH3023
1846019,ACH5016
5614629,ACH5015
5042952,ACH5037
2343664,ACH5037
3265791,ACH5036
52624,ACH5006
3248899,ACH5038
595151,ACH5038
2507882,ACH5038
2796301,ACH5057
1846019,ACH5067
2872716,ACH4073
1738717,ACH4073
1738717,ACH4077
2872716,ACH4116
1738717,ACH4116
2320046,ACH0606
3372766,ACH0522
6261191,ACH0573
4811304,ACH0573
4880153,ACH4083
1112111,ACH3727
2558886,ACH2807
5618039,ACH3061
1364328,ACH2068
3071663,ACH1066
1161555,ACH3127
6092342,ACH3095
734621,ACH2004
5095110,ACH2004
3200072,ACH2004
734621,ACH2025
5095110,ACH2025
3200072,ACH2025
5347191,ACH2523
3207980,ACH2523
5347191,ACH2524
3207980,ACH2524
5528582,ACH5532
1538291,ACH5532
978554,ACH8612
655501,ACH3094
131031,ACH5026
9406670,ACH5555
1596950,ACH5555
264631,ACH5022
1315570,ACH5022
799735,ACH5553
3164916,ACH5553
3021642,ACH0596
1538519,ACH4106
3164916,ACH4106
799735,ACH4067
3164916,ACH4067
1391402,ACH3042
556504,ACH3032
75706,ACH3032
3021642,ACH5564
799735,ACH5564
3164916,ACH5564
75706,ACH0574
3372766,ACH0574
5528582,ACH1024
889774,ACH0514
2181970,ACH0514
889774,ACH0515
2181970,ACH0515
1619061,ACH5524
5729116,ACH3147
5729116,ACH5567
6630800,ACH5542
978554,ACH5542
6630800,ACH5543
978554,ACH5543
2872716,ACH5527
3021642,ACH5527
2355031,ACH5527
5729116,ACH5527
4983370,ACH5527
2037300,ACH5064
3021642,ACH3977
4983370,ACH3977
1349898,ACH2847
309946,ACH3877
1771910,ACH4532
618281,ACH5511
1738717,ACH5511
1780347,ACH5511
2159731,ACH2011
3082508,ACH2011
2243307,ACH2011
618281,ACH5512
1738717,ACH5512
1780347,ACH5512
3764294,ACH2012
2159731,ACH2012
2243307,ACH2012
618281,ACH4021
7029901,ACH4021
2373511,ACH4021
1780347,ACH4021
6600021,ACH1037
314719,ACH3011
2009222,ACH5544
1661344,ACH5544
1987427,ACH3542
6631565,ACH4537
1606310,ACH0131
2373511,ACH0131
1916087,ACH0131
4880153,ACH0131
2009222,ACH0101
3416847,ACH0111
799735,ACH0111
1538291,ACH0111
1409522,ACH0111
1619061,ACH0111
2341766,ACH0121
2872716,ACH0121
770448,ACH0121
463504,ACH4125
889774,ACH0635
2181970,ACH0635
2181970,ACH0616
2166145,ACH2525
5530115,ACH4543
1603428,ACH4543
236942,ACH4586
627660,ACH1147
1882514,ACH1147
1048221,ACH2157
734621,ACH2157
2933241,ACH2157
5603568,ACH2117
3082508,ACH2117
3286158,ACH2003
2933241,ACH2003
1875968,ACH2167
1875968,ACH2207
1349898,ACH2707
655501,ACH3065
2065862,ACH4647
1051844,ACH3605
980651,ACH3605
1329307,ACH3605
1948868,ACH3605
196611,ACH4074
106172,ACH4074
138953,ACH1006
654070,ACH2087
5765142,ACH1538
1112111,ACH3603
1945163,ACH2015
191432,ACH3563
1112111,ACH3563
6261191,ACH0543
6206615,ACH2797
597730,ACH0593
2342260,ACH0593
3164916,ACH5556
161192,ACH5084
5614629,ACH5084
222018,ACH5084
2918077,ACH5084
2919791,ACH5084
72832,ACH5084
1846019,ACH5084
556504,ACH3108
161192,ACH3108
5045503,ACH3566
864112,ACH4042
864112,ACH4136
3140792,ACH2107
3140792,ACH2108
1349898,ACH2541
2166145,ACH2552
1349898,ACH2655
3286158,ACH2147
3073748,ACH2147
7293313,ACH2147
918601,ACH1187
191432,ACH3555
5033416,ACH2576
1349898,ACH2585
4880153,ACH4096
1034560,ACH1012
6956592,ACH3534
3733052,ACH3534
5607659,ACH3534
5998458,ACH1106
1914262,ACH1524
6956592,ACH3533
472709,ACH3533
3733052,ACH3533
5607659,ACH3533
6956592,ACH3808
3733052,ACH3808
2937197,ACH3808
6956592,ACH3628
3733052,ACH3628
2937197,ACH3628
5607659,ACH3628
6956592,ACH3857
3733052,ACH3857
2937197,ACH3857
5607659,ACH3857
6956592,ACH3596
3733052,ACH3596
5607659,ACH3596
6956592,ACH3647
3733052,ACH3647
2937197,ACH3647
5607659,ACH3647
7480016,ACH3105
5128784,ACH4095
5347246,ACH4085
2355031,ACH4085
770448,ACH4084
58676,ACH3758
2181970,ACH0613
5033416,ACH2638
1001570,ACH1033
2355031,ACH4008
2355031,ACH5505
358969,ACH1044
1001570,ACH1133
1252362,ACH1064
1119925,ACH3505
1558501,ACH3505
6000623,ACH4697
191432,ACH3637
885940,ACH3637
2945554,ACH1543
479262,ACH3574
3031417,ACH3574
1119925,ACH3574
161192,ACH3156
2160326,ACH3156
2168766,ACH2557
1252362,ACH1025
2184420,ACH2047
1597012,ACH1005
2050208,ACH4038
7317228,ACH5073
5997291,ACH5073
2796301,ACH5073
1112111,ACH3798
5268620,ACH3098
7028358,ACH1666
4966179,ACH1666
1112111,ACH3575
6743581,ACH3575
5530115,ACH4567
5530115,ACH4568
627660,ACH1157
1882514,ACH1157
5981856,ACH4156
196611,ACH4015
106172,ACH4015
2341766,ACH4015
2872716,ACH4015
1538519,ACH4015
3164916,ACH5043
2558886,ACH2657
574881,ACH3088
2319983,ACH3088
2184420,ACH2008
2872716,ACH5508
2184420,ACH5508
6630800,ACH5506
3021642,ACH5506
6630800,ACH5507
3021642,ACH5507
3286158,ACH2006
5057080,ACH2006
3399922,ACH2006
5978942,ACH2007
3021642,ACH5545
799735,ACH5545
3164916,ACH5545
2166145,ACH2798
463504,ACH4206
1645572,ACH4206
4880153,ACH4206
463504,ACH4246
4880153,ACH4246
723639,ACH1553
556504,ACH3136
556504,ACH3106
5976982,ACH3106
1554146,ACH3106
5042952,ACH5053
314719,ACH8622
2546570,ACH0502
655501,ACH3113
2340063,ACH1043
3785714,ACH1698
2166145,ACH2574
1980660,ACH1573
5090244,ACH0567
1791624,ACH0567
2342260,ACH0557
3396220,ACH0628
889774,ACH0628
2342260,ACH0628
2364827,ACH0608
889774,ACH0625
2191255,ACH0625
2342260,ACH0603
2364827,ACH0645
2364827,ACH0665
309946,ACH3554
1051844,ACH3554
1987427,ACH3554
5830822,ACH3676
2872716,ACH5518
4983370,ACH5518
224372,ACH5018
224372,ACH5039
161192,ACH3255
7480016,ACH3255
1447122,ACH3255
1554146,ACH3255
2160326,ACH3255
161192,ACH3256
7480016,ACH3256
1447122,ACH3256
1554146,ACH3256
2160326,ACH3256
161192,ACH3257
7480016,ACH3257
1447122,ACH3257
1554146,ACH3257
2160326,ACH3257
571262,ACH5027
984245,ACH5027
52624,ACH5027
1327135,ACH5027
3265791,ACH5027
314719,ACH3053
1846019,ACH3053
6658321,ACH3053
571262,ACH5028
984245,ACH5028
52624,ACH5028
1327135,ACH5028
3265791,ACH5028
556504,ACH3054
655501,ACH3054
1846019,ACH3054
3248899,ACH5019
595151,ACH5019
5359483,ACH5019
5614629,ACH5019
5869926,ACH5019
7131594,ACH5019
3600443,ACH5019
5042952,ACH5019
2507882,ACH5019
5614661,ACH5019
2343664,ACH5019
5976982,ACH3055
1554146,ACH3055
1846019,ACH3055
3248899,ACH5049
595151,ACH5049
5359483,ACH5049
5614629,ACH5049
5869926,ACH5049
7131594,ACH5049
3600443,ACH5049
5042952,ACH5049
2507882,ACH5049
2343664,ACH5049
2160326,ACH3056
6092342,ACH3056
574881,ACH3057
161192,ACH3057
161192,ACH3058
7480016,ACH3058
5976982,ACH3058
2319983,ACH3058
1447122,ACH3058
2160326,ACH3058
6092342,ACH3058
5729116,ACH3058
161192,ACH3258
7480016,ACH3258
5976982,ACH3258
2319983,ACH3258
1447122,ACH3258
2160326,ACH3258
6092342,ACH3258
5729116,ACH3258
8475697,ACH4737
1090723,ACH2548
2144321,ACH0525
2364827,ACH0525
2320046,ACH0525
2144321,ACH0526
2364827,ACH0526
2320046,ACH0526
2144321,ACH0517
2364827,ACH0517
2320046,ACH0517
2144321,ACH0518
2364827,ACH0518
2320046,ACH0518
3372766,ACH0518
5530115,ACH4687
5530115,ACH4688
643522,ACH1004
643522,ACH5513
479262,ACH3584
500432,ACH3584
3031417,ACH3584
500432,ACH3553
691878,ACH4727
2065862,ACH4727
2166145,ACH2887
2166145,ACH2907
14660271,ACH4747
196611,ACH4027
2341766,ACH4027
3079866,ACH4034
6743581,ACH3807
1538291,ACH4196
889774,ACH0587
2181970,ACH0587
2341766,ACH4331
2373511,ACH4331
1916087,ACH4331
4880153,ACH4331
2341766,ACH4332
2373511,ACH4332
1916087,ACH4332
4880153,ACH4332
2341766,ACH4333
2373511,ACH4333
1916087,ACH4333
4880153,ACH4333
2341766,ACH4334
2373511,ACH4334
1916087,ACH4334
4880153,ACH4334
2341766,ACH4335
2373511,ACH4335
1916087,ACH4335
4880153,ACH4335
2341766,ACH4336
2373511,ACH4336
1916087,ACH4336
4880153,ACH4336
597730,ACH0578
4881727,ACH0588
1791624,ACH0588
4881727,ACH0618
1791624,ACH0618
1447122,ACH3155
5729116,ACH3155
5528582,ACH1221
2527616,ACH1221
1823410,ACH1221
6600021,ACH1221
5528582,ACH1222
2527616,ACH1222
1823410,ACH1222
6600021,ACH1222
5528582,ACH1223
2527616,ACH1223
1823410,ACH1223
6600021,ACH1223
5528582,ACH1224
2527616,ACH1224
1823410,ACH1224
6600021,ACH1224
5528582,ACH1225
2527616,ACH1225
1823410,ACH1225
6600021,ACH1225
5528582,ACH1226
2527616,ACH1226
1823410,ACH1226
6600021,ACH1226
2546570,ACH0597
3082508,ACH2221
767569,ACH2221
3082508,ACH2222
767569,ACH2222
3082508,ACH2223
767569,ACH2223
3082508,ACH2224
767569,ACH2224
3082508,ACH2225
767569,ACH2225
3082508,ACH2226
767569,ACH2226
5033416,ACH2771
7779008,ACH2771
4845494,ACH2771
5780146,ACH2771
5033416,ACH2772
7779008,ACH2772
4845494,ACH2772
5780146,ACH2772
5033416,ACH2773
7779008,ACH2773
4845494,ACH2773
5780146,ACH2773
5033416,ACH2774
7779008,ACH2774
4845494,ACH2774
5780146,ACH2774
5033416,ACH2775
7779008,ACH2775
4845494,ACH2775
5780146,ACH2775
5033416,ACH2776
7779008,ACH2776
4845494,ACH2776
5780146,ACH2776
1208111,ACH0051
1208111,ACH0052
4966179,ACH1626
161192,ACH3025
161192,ACH3033
131031,ACH5008
878351,ACH3667
1452862,ACH3667
2109999,ACH4508
260258,ACH5503
2373511,ACH5503
1916087,ACH5503
3755807,ACH2697
5347246,ACH5541
889774,ACH0586
6631565,ACH4538
5347246,ACH4006
2872716,ACH4066
1738717,ACH4066
799735,ACH4138
3164916,ACH4138
2566012,ACH2777
6702491,ACH3114
5729116,ACH5535
6702491,ACH3146
6956592,ACH3606
3733052,ACH3606
2937197,ACH3606
5607659,ACH3606
2341766,ACH5514
2872716,ACH5514
1090723,ACH2521
8475697,ACH4584
72112,ACH4523
1090723,ACH2512
2341766,ACH5502
2872716,ACH5502
969387,ACH5502
4779987,ACH5035
4881727,ACH0655
1791624,ACH0655
1161555,ACH3116
4983370,ACH5533
4983370,ACH5534
1034560,ACH1015
2050208,ACH5515
479262,ACH3521
3031417,ACH3521
1887012,ACH3521
479262,ACH3524
3031417,ACH3524
1887012,ACH3524
1987427,ACH3524
309946,ACH3546
494026,ACH3546
2949346,ACH3546
1987427,ACH3546
5729116,ACH3135
3047582,ACH5528
3021642,ACH5528
2355031,ACH5528
2872716,ACH5538
6630800,ACH5538
7029901,ACH5538
5729116,ACH5538
4983370,ACH5538
618281,ACH4014
2373511,ACH4014
1780347,ACH4014
2160326,ACH3022
1523412,ACH8632
1523412,ACH5033
1391402,ACH0563
3372766,ACH0563
1032901,ACH0504
1032901,ACH0505
3021642,ACH0505
4881727,ACH0505
1032901,ACH0605
3021642,ACH0605
4881727,ACH0605
75706,ACH3002
1391402,ACH3002
5729116,ACH3003
5729116,ACH3004
2341105,ACH3006
4779987,ACH5002
4779987,ACH5003
2341105,ACH5004
7317228,ACH5004
1032901,ACH5004
3021642,ACH5004
75706,ACH5004
1391402,ACH5004
3372766,ACH5004
5729116,ACH5004
4983370,ACH5004
2341105,ACH5005
1032901,ACH5005
3021642,ACH5005
75706,ACH5005
1391402,ACH5005
3372766,ACH5005
5729116,ACH5005
4983370,ACH5005
627660,ACH1001
918601,ACH1001
5567742,ACH1001
691878,ACH4512
2065862,ACH4512
691878,ACH4522
2065862,ACH4522
1409522,ACH4012
1606310,ACH4012
2546570,ACH0511
161192,ACH3047
7779008,ACH2511
236942,ACH4511
217892,ACH1564
1080534,ACH1056
691878,ACH4531
2065862,ACH4531
196611,ACH1014
2872716,ACH1014
2527616,ACH1014
4975610,ACH4501
6618816,ACH2014
1364328,ACH2086
1794311,ACH1541
2191255,ACH1541
2191255,ACH1501
5329829,ACH1502
1638692,ACH0506
3785714,ACH1511
5329829,ACH1511
3785714,ACH1512
4811304,ACH0501
4811304,ACH0512
4811304,ACH0564
1638692,ACH0617
5997291,ACH5061
799735,ACH5563
3164916,ACH5563
799735,ACH5554
3164916,ACH5554
799735,ACH4157
3164916,ACH4157
1753771,ACH1523
12013751,ACH1027
5268620,ACH3062
5268620,ACH3037
2564153,ACH1074
1112111,ACH3859
314719,ACH3066
3551651,ACH4535
998313,ACH4564
1112111,ACH3717
5104676,ACH4516
2872716,ACH5537
2184420,ACH5537
908979,ACH4555
806433,ACH4544
5607659,ACH3817
161192,ACH3075
15235261,ACH1536
1030750,ACH3568
1987427,ACH3518
5530115,ACH4525
6618816,ACH2067
885940,ACH3515
1329307,ACH3515
1882514,ACH3515
806433,ACH4554
3551651,ACH4606
2122448,ACH2027
6618816,ACH2027
2319983,ACH3034
2319983,ACH3085
3223582,ACH1046
1252362,ACH1046
191432,ACH3595
1051844,ACH3595
11698862,ACH1516
806433,ACH4757
4975610,ACH4757
806433,ACH4506
62897,ACH2537
2144321,ACH0508
2122448,ACH2078
2168766,ACH2555
15235261,ACH1585
2051936,ACH4574
6743581,ACH3696
908979,ACH4548
5333863,ACH3748
327512,ACH1077
2364827,ACH0583
1031059,ACH3706
2122448,ACH2127
191432,ACH3526
885940,ACH3526
5333863,ACH3526
980651,ACH3778
885940,ACH3638
2319983,ACH3107
465955,ACH2668
723639,ACH1533
1152930,ACH2533
1661344,ACH4007
465955,ACH2531
465955,ACH2677
260258,ACH4044
2373511,ACH4044
1916087,ACH4044
1661344,ACH4063
2190254,ACH1563
2945554,ACH1534
3021642,ACH5558
4969210,ACH3616
574881,ACH3104
3397833,ACH4513
1771910,ACH4513
1080534,ACH1167
15235261,ACH1575
6694913,ACH2758
7342471,ACH2016
4812010,ACH2016
5978942,ACH2016
5856870,ACH1606
1600874,ACH1596
1284483,ACH1586
2225540,ACH3087
2122448,ACH2063
2184420,ACH2063
2021414,ACH2063
2122448,ACH2035
1048221,ACH2002
2933241,ACH2002
5528582,ACH1002
6630800,ACH5501
3021642,ACH5501
1538519,ACH5501
3164916,ACH5501
643283,ACH2177
2159727,ACH2177
5095110,ACH2177
1299170,ACH2177
7029901,ACH5531
1596950,ACH5531
1152930,ACH2778
479262,ACH3531
3031417,ACH3531
1119925,ACH3531
1252362,ACH1116
87769,ACH2053
643283,ACH2053
2159727,ACH2053
1875968,ACH2053
314719,ACH3001
5830822,ACH3511
1452862,ACH3511
1887012,ACH3511
1987427,ACH3511
6206615,ACH2838
5033416,ACH2838
1048221,ACH2001
969387,ACH4031
1619061,ACH4031
1606310,ACH4031
1779202,ACH4031
969387,ACH4032
1619061,ACH4032
1606310,ACH4032
1779202,ACH4032
5830822,ACH3551
980651,ACH3551
1329307,ACH3551
1887012,ACH3551
2166145,ACH2897
654070,ACH2043
1299170,ACH2043
3681080,ACH2043
2341766,ACH4113
1538519,ACH4113
2566012,ACH2728
3068492,ACH1084
1409522,ACH4052
5523701,ACH2118
3079866,ACH4011
2168766,ACH2738
2243307,ACH2738
1048221,ACH2808
2566012,ACH2808
62897,ACH2808
3200072,ACH2808
1166251,ACH2128
2243307,ACH2128
1401430,ACH1504
4966179,ACH1637
8475697,ACH4707
1110551,ACH4528
196611,ACH4053
106172,ACH4053
1603428,ACH4547
5737794,ACH2148
2927672,ACH2038
2162349,ACH2096
3073748,ACH2096
655501,ACH3145
1284483,ACH1738
2191255,ACH0594
4845650,ACH1574
1753771,ACH1514
969387,ACH4093
1619061,ACH4093
1606310,ACH4093
1779202,ACH4093
969387,ACH4064
1619061,ACH4064
1606310,ACH4064
1779202,ACH4064
91402,ACH2757
3193721,ACH2708
618281,ACH4521
2558886,ACH2607
885940,ACH3504
1329307,ACH3504
6000623,ACH4534
1558501,ACH3618
3031417,ACH3514
1119925,ACH3514
5780146,ACH2595
5780146,ACH2516
1606310,ACH4123
6630800,ACH5547
5729116,ACH3052
5530115,ACH4576
1603428,ACH4526
2051936,ACH4546
1773206,ACH4556
5530115,ACH4536
998313,ACH4536
2051936,ACH4545
998313,ACH4708
1603428,ACH4708
6631565,ACH4566
2168766,ACH2637
500071,ACH4552
500071,ACH4553
618281,ACH4041
260258,ACH4041
2373511,ACH4041
1780347,ACH4041
1166251,ACH2013
5801399,ACH2013
2243307,ACH2013
8475697,ACH4563
284582,ACH1041
1015332,ACH1041
1619061,ACH4028
3082508,ACH2033
1166251,ACH2033
2243307,ACH2033
106172,ACH4033
2341766,ACH4033
978554,ACH3137
4881727,ACH0585
1791624,ACH0585
1600874,ACH1506
1914262,ACH1506
5830822,ACH3818
1329307,ACH3818
479262,ACH3607
5830822,ACH3607
500432,ACH3607
6956592,ACH3607
3031417,ACH3607
309946,ACH3607
494026,ACH3607
472709,ACH3607
191432,ACH3607
3733052,ACH3607
5872419,ACH3607
1051844,ACH3607
1119925,ACH3607
878351,ACH3607
5362699,ACH3607
1112111,ACH3607
980651,ACH3607
885940,ACH3607
5607659,ACH3607
1329307,ACH3607
1452862,ACH3607
5333863,ACH3607
2949346,ACH3607
1882514,ACH3607
6743581,ACH3607
1948868,ACH3607
1887012,ACH3607
1987427,ACH3607
3410177,ACH5054
1747892,ACH1603
463504,ACH4016
5981856,ACH4016
4880153,ACH4016
463504,ACH4017
5981856,ACH4017
4880153,ACH4017
1447122,ACH3067
1554146,ACH3067
1447122,ACH3068
1554146,ACH3068
479262,ACH3535
500432,ACH3535
1329307,ACH3535
2949346,ACH3535
2949346,ACH3826
1538519,ACH5546
5801399,ACH2037
3410177,ACH3117
87769,ACH2036
643283,ACH2036
2159727,ACH2036
1875968,ACH2036
500432,ACH3657
6000623,ACH4594
3021642,ACH5525
6000623,ACH4533
1119925,ACH3627
1558501,ACH3627
3031417,ACH3513
1119925,ACH3513
1030750,ACH3846
5978942,ACH2187
7029901,ACH5504
1596950,ACH5504
6092342,ACH3118
3276960,ACH1616
6206615,ACH2678
6694913,ACH2635
2799197,ACH2837
556504,ACH2828
2799197,ACH2727
3755807,ACH2788
1015332,ACH1067
1015332,ACH1197
643283,ACH2138
981972,ACH2138
924734,ACH5536
2566012,ACH2544
2566012,ACH2545
618281,ACH4013
260258,ACH4013
1780347,ACH4013
5872419,ACH3665
1771910,ACH4598
1773206,ACH4527
5863937,ACH3856
980651,ACH3856
3011731,ACH2857
1080534,ACH1085
1773206,ACH4565
5729116,ACH3086
2341105,ACH5063
4983370,ACH5063
655501,ACH3125
1891410,ACH3125
1817354,ACH5011
2160326,ACH3043
564671,ACH2867
564671,ACH2868
463504,ACH4097
7529173,ACH1177
5856870,ACH1532
479262,ACH3686
3031417,ACH3686
191432,ACH3686
1329307,ACH3686
1112111,ACH3506
6743581,ACH3506
7342471,ACH2034
1048221,ACH2034
3073748,ACH2034
767569,ACH2034
2927672,ACH2034
7342471,ACH2055
1048221,ACH2055
3073748,ACH2055
767569,ACH2055
2927672,ACH2055
2800823,ACH4025
799735,ACH4135
3164916,ACH4135
1882514,ACH3887
1031059,ACH3697
463504,ACH4126
1409522,ACH4126
5981856,ACH4126
4880153,ACH4126
463504,ACH4127
1409522,ACH4127
5981856,ACH4127
4880153,ACH4127
463504,ACH4128
1409522,ACH4128
5981856,ACH4128
4880153,ACH4128
2341766,ACH4216
2872716,ACH4216
1738717,ACH4216
1987427,ACH3556
2340063,ACH1101
5567742,ACH1101
999609,ACH4502
5530115,ACH4505
999609,ACH4505
1754921,ACH4505
1110551,ACH4503
2168766,ACH2648
2340063,ACH1083
131031,ACH5045
1817354,ACH5045
3397833,ACH4618
1771910,ACH4618
908979,ACH4517
3071663,ACH1055
2558886,ACH2618
1401430,ACH1537
1051844,ACH3858
885940,ACH3858
1882514,ACH3858
2558886,ACH2598
6956592,ACH3508
3733052,ACH3508
2937197,ACH3508
5607659,ACH3508
6956592,ACH3507
472709,ACH3507
3733052,ACH3507
5607659,ACH3507
1987427,ACH3507
191432,ACH3656
5329829,ACH1518
91402,ACH2767
918601,ACH3587
5347458,ACH1117
6000623,ACH4718
1030750,ACH3597
1051844,ACH3558
1452862,ACH3738
1447122,ACH3024
5765142,ACH3598
3079866,ACH4236
3079866,ACH4086
5607659,ACH3662
1030750,ACH3588
191432,ACH3848
1329307,ACH3848
7317228,ACH5025
2796301,ACH5025
1119925,ACH3557
1503333,ACH3577
878351,ACH3847
309946,ACH3564
494026,ACH3564
1887012,ACH3564
3079866,ACH3567
1948868,ACH3578
2527616,ACH1026
1451426,ACH1016
327512,ACH1036
889774,ACH0584
6658321,ACH3007
308517,ACH0607
3396220,ACH0638
889774,ACH0638
556504,ACH3038
6658321,ACH3038
5614629,ACH5047
1846019,ACH5047
3372766,ACH0516
1882514,ACH1113
1554146,ACH3014
6092342,ACH3027
799735,ACH4226
3164916,ACH4226
1754921,ACH4573
1771910,ACH4573
618281,ACH4036
1780347,ACH4036
6702491,ACH3026
3068492,ACH1075
5033416,ACH2554
6206615,ACH2542
62897,ACH2532
62897,ACH2583
4845494,ACH2605
5347191,ACH2597
3416847,ACH8616
978554,ACH8616
2225540,ACH8616
3416847,ACH3016
978554,ACH3016
2225540,ACH3016
3416847,ACH3017
978554,ACH3017
2225540,ACH3017
6658321,ACH3013
7317228,ACH5001
5997291,ACH5001
2796301,ACH5001
3755807,ACH2817
2799197,ACH2698
3396220,ACH0555
3396220,ACH0556
1049559,ACH0565
1049559,ACH0566
3396220,ACH0535
3396220,ACH0536
1049559,ACH0575
1049559,ACH0576
5090244,ACH0528
5090244,ACH0598
1791624,ACH0527
1638692,ACH0558
6206615,ACH2547
6694913,ACH2547
138953,ACH1087
643522,ACH1087
2340063,ACH1087
2527616,ACH1087
138953,ACH1088
643522,ACH1088
2340063,ACH1088
2527616,ACH1088
7779008,ACH2667
479262,ACH3537
5830822,ACH3537
500432,ACH3537
6956592,ACH3537
3031417,ACH3537
309946,ACH3537
494026,ACH3537
472709,ACH3537
191432,ACH3537
3733052,ACH3537
5872419,ACH3537
1051844,ACH3537
1119925,ACH3537
878351,ACH3537
5362699,ACH3537
1112111,ACH3537
980651,ACH3537
885940,ACH3537
5607659,ACH3537
1329307,ACH3537
1452862,ACH3537
5333863,ACH3537
2949346,ACH3537
1882514,ACH3537
6743581,ACH3537
1948868,ACH3537
1887012,ACH3537
1987427,ACH3537
6618816,ACH2106
654070,ACH2017
5523701,ACH2017
3200072,ACH2017
654070,ACH2018
5523701,ACH2018
3200072,ACH2018
3021642,ACH5517
4983370,ACH5517
3164916,ACH5516
5268620,ACH3018
2191255,ACH1567
2546570,ACH0615
2144321,ACH0615
2320046,ACH0615
2796301,ACH5046
5976982,ACH3005
1110551,ACH4542
1645572,ACH4043
308517,ACH0507
5830822,ACH3716
1069242,ACH0102
1645572,ACH0132
3445732,ACH0112
1208111,ACH0112
420392,ACH0122
1069242,ACH0122
2122448,ACH2028
574881,ACH3046
3047582,ACH5526
1779202,ACH5526
3047582,ACH1023
1606310,ACH5522
1779202,ACH5522
1619061,ACH4146
969387,ACH5521
1606310,ACH5521
969387,ACH4117
1619061,ACH4117
1619061,ACH5523
878351,ACH3768
5090244,ACH0636
889774,ACH0636
5765142,ACH1535
5863937,ACH1021
924734,ACH4026
188601,ACH2048
767569,ACH2026
4845650,ACH1583
1794311,ACH1521
309946,ACH3827
400160,ACH1086
5830822,ACH3788
131031,ACH5052
5997291,ACH5052
2796301,ACH5013
3416847,ACH0041
3416847,ACH0042
3223582,ACH1094
138953,ACH1094
358969,ACH1094
400160,ACH1094
284582,ACH1094
3068492,ACH1094
1080534,ACH1094
1451426,ACH1094
1597012,ACH1094
1252362,ACH1094
5998458,ACH1094
2527616,ACH1094
1823410,ACH1094
5567742,ACH1094
6600021,ACH1094
1882514,ACH1094
3223582,ACH1096
138953,ACH1096
358969,ACH1096
400160,ACH1096
284582,ACH1096
3068492,ACH1096
1080534,ACH1096
1451426,ACH1096
1597012,ACH1096
1252362,ACH1096
5998458,ACH1096
2527616,ACH1096
1823410,ACH1096
5567742,ACH1096
6600021,ACH1096
1882514,ACH1096
659627,ACH1657
5765142,ACH1657
236942,ACH1657
1051844,ACH1657
981972,ACH1657
1080534,ACH1657
750074,ACH1657
767569,ACH1657
3140792,ACH1657
1364328,ACH1657
1753771,ACH1657
2021414,ACH1657
659627,ACH1728
5765142,ACH1728
236942,ACH1728
1051844,ACH1728
981972,ACH1728
1080534,ACH1728
750074,ACH1728
767569,ACH1728
3140792,ACH1728
1364328,ACH1728
1753771,ACH1728
2021414,ACH1728
1451426,ACH1007
5976982,ACH3036
1554146,ACH3036
3681080,ACH2076
2355031,ACH4147
1661344,ACH4147
924734,ACH4045
1538291,ACH4046
3382378,ACH4046
1661344,ACH4046
236991,ACH4596
1987427,ACH3816
1112111,ACH3777
1329307,ACH3797
885940,ACH3708
5329829,ACH1607
1794311,ACH1607
5329829,ACH1648
1794311,ACH1648
1794311,ACH1638
5329829,ACH1688
5830822,ACH3636
6743581,ACH3707
980651,ACH3648
3079866,ACH3658
5830822,ACH3688
4969210,ACH3836
1030750,ACH3787
1030750,ACH3757
1987427,ACH3678
3396220,ACH0577
2546570,ACH0577
5090244,ACH0577
597730,ACH0577
308517,ACH0577
2144321,ACH0577
1032901,ACH0577
6261191,ACH0577
4881727,ACH0577
1049559,ACH0577
889774,ACH0577
2342260,ACH0577
1638692,ACH0577
4811304,ACH0577
2364827,ACH0577
2320046,ACH0577
3372766,ACH0577
2181970,ACH0577
3396220,ACH0568
2546570,ACH0568
5090244,ACH0568
597730,ACH0568
308517,ACH0568
2144321,ACH0568
1032901,ACH0568
6261191,ACH0568
4881727,ACH0568
1049559,ACH0568
889774,ACH0568
2342260,ACH0568
1638692,ACH0568
4811304,ACH0568
2364827,ACH0568
2320046,ACH0568
3372766,ACH0568
2181970,ACH0568
556504,ACH3115
6702491,ACH3115
5976982,ACH3115
5268620,ACH3115
6658321,ACH3115
3764294,ACH2158
643283,ACH2158
1166251,ACH2158
924734,ACH4004
2050208,ACH4004
2009222,ACH4004
1661344,ACH4004
924734,ACH4005
2050208,ACH4005
2009222,ACH4005
1661344,ACH4005
